Origin Airport,Destination Airport,Flight Time (Minutes)
Hartsfield-Jackson Atlanta International Airport,Dallas/Fort Worth International Airport,157.62171813035076
Hartsfield-Jackson Atlanta International Airport,Denver International Airport,215.0494960046126
Hartsfield-Jackson Atlanta International Airport,O'Hare International Airport,142.7057917692705
Hartsfield-Jackson Atlanta International Airport,Los Angeles International Airport,310.30995437786515
Hartsfield-Jackson Atlanta International Airport,John F. Kennedy International Airport,160.29915063698888
Hartsfield-Jackson Atlanta International Airport,Harry Reid International Airport,286.0712708654682
Hartsfield-Jackson Atlanta International Airport,Orlando International Airport,115.65569046353117
Hartsfield-Jackson Atlanta International Airport,Miami International Airport,139.70739487408275
Hartsfield-Jackson Atlanta International Airport,Charlotte Douglas International Airport,86.86580776862759
Hartsfield-Jackson Atlanta International Airport,Seattle-Tacoma International Airport,338.8111488445111
Hartsfield-Jackson Atlanta International Airport,Phoenix Sky Harbor International Airport,266.74384743631555
Hartsfield-Jackson Atlanta International Airport,Newark Liberty International Airport,158.48475167402415
Hartsfield-Jackson Atlanta International Airport,San Francisco International Airport,333.5696155757084
Hartsfield-Jackson Atlanta International Airport,George Bush Intercontinental Airport,150.4075380487408
Hartsfield-Jackson Atlanta International Airport,Logan International Airport,183.75150566914593
Hartsfield-Jackson Atlanta International Airport,Fort Lauderdale-Hollywood International Airport,137.91456551814755
Hartsfield-Jackson Atlanta International Airport,Minneapolis-Saint Paul International Airport,177.40965903457726
Hartsfield-Jackson Atlanta International Airport,LaGuardia Airport,160.48730132633727
Hartsfield-Jackson Atlanta International Airport,Detroit Metropolitan Airport,139.6332123091134
Hartsfield-Jackson Atlanta International Airport,Philadelphia International Airport,148.48945624452386
Hartsfield-Jackson Atlanta International Airport,Salt Lake City International Airport,267.14763965961487
Hartsfield-Jackson Atlanta International Airport,Ronald Reagan Washington National Airport,133.50992615918273
Hartsfield-Jackson Atlanta International Airport,San Diego International Airport,303.73494297814574
Hartsfield-Jackson Atlanta International Airport,Baltimore/Washington International Airport,137.24505247266
Hartsfield-Jackson Atlanta International Airport,Tampa International Airport,115.94457410497121
Hartsfield-Jackson Atlanta International Airport,Austin-Bergstrom International Airport,165.62076180054805
Hartsfield-Jackson Atlanta International Airport,Washington Dulles International Airport,131.91363839962753
Hartsfield-Jackson Atlanta International Airport,Nashville International Airport,85.23963832058398
Hartsfield-Jackson Atlanta International Airport,Paris Charles de Gaulle Airport,635.5485429522632
Dallas/Fort Worth International Airport,Hartsfield-Jackson Atlanta International Airport,158.58387783219365
Dallas/Fort Worth International Airport,Denver International Airport,146.6288662943212
Dallas/Fort Worth International Airport,O'Hare International Airport,167.9930766749539
Dallas/Fort Worth International Airport,Los Angeles International Airport,217.31891653746175
Dallas/Fort Worth International Airport,John F. Kennedy International Airport,240.0276287039762
Dallas/Fort Worth International Airport,Harry Reid International Airport,195.3183452084005
Dallas/Fort Worth International Airport,Orlando International Airport,188.58285717995278
Dallas/Fort Worth International Airport,Miami International Airport,205.92709265841262
Dallas/Fort Worth International Airport,Charlotte Douglas International Airport,182.3298054883444
Dallas/Fort Worth International Airport,Seattle-Tacoma International Airport,275.7599790869459
Dallas/Fort Worth International Airport,Phoenix Sky Harbor International Airport,172.32640039253334
Dallas/Fort Worth International Airport,Newark Liberty International Airport,237.60749112749647
Dallas/Fort Worth International Airport,San Francisco International Airport,245.3701408647732
Dallas/Fort Worth International Airport,George Bush Intercontinental Airport,86.58802509010044
Dallas/Fort Worth International Airport,Logan International Airport,268.169057574711
Dallas/Fort Worth International Airport,Fort Lauderdale-Hollywood International Airport,205.6133433600358
Dallas/Fort Worth International Airport,Minneapolis-Saint Paul International Airport,172.14242961663172
Dallas/Fort Worth International Airport,LaGuardia Airport,239.73273467578568
Dallas/Fort Worth International Airport,Detroit Metropolitan Airport,188.91771702001262
Dallas/Fort Worth International Airport,Philadelphia International Airport,228.78885358061996
Dallas/Fort Worth International Airport,Salt Lake City International Airport,187.35345277667886
Dallas/Fort Worth International Airport,Ronald Reagan Washington National Airport,214.74801622584667
Dallas/Fort Worth International Airport,San Diego International Airport,209.55450844554065
Dallas/Fort Worth International Airport,Baltimore/Washington International Airport,217.91076083626388
Dallas/Fort Worth International Airport,Tampa International Airport,181.54355511738123
Dallas/Fort Worth International Airport,Austin-Bergstrom International Airport,75.79522534964094
Dallas/Fort Worth International Airport,Washington Dulles International Airport,212.20735971460988
Dallas/Fort Worth International Airport,Nashville International Airport,144.0480529069266
Dallas/Fort Worth International Airport,Paris Charles de Gaulle Airport,709.0491742931764
Denver International Airport,Hartsfield-Jackson Atlanta International Airport,217.6362227444582
Denver International Airport,Dallas/Fort Worth International Airport,147.37067301872898
Denver International Airport,O'Hare International Airport,178.57723367404537
Denver International Airport,Los Angeles International Airport,171.67391612265988
Denver International Airport,John F. Kennedy International Airport,276.12920772150585
Denver International Airport,Harry Reid International Airport,142.83569441793742
Denver International Airport,Orlando International Airport,266.3396462596994
Denver International Airport,Miami International Airport,287.18293895364957
Denver International Airport,Charlotte Douglas International Airport,233.09494705493515
Denver International Airport,Seattle-Tacoma International Airport,191.5868706958581
Denver International Airport,Phoenix Sky Harbor International Airport,139.70866889549094
Denver International Airport,Newark Liberty International Airport,273.4375812794437
Denver International Airport,San Francisco International Airport,184.53606549018622
Denver International Airport,George Bush Intercontinental Airport,173.14998891475486
Denver International Airport,Logan International Airport,292.4611143259305
Denver International Airport,Fort Lauderdale-Hollywood International Airport,286.36505756490396
Denver International Airport,Minneapolis-Saint Paul International Airport,150.21787400313275
Denver International Airport,LaGuardia Airport,275.34131844424064
Denver International Airport,Detroit Metropolitan Airport,205.87983229075184
Denver International Airport,Philadelphia International Airport,267.4487082497223
Denver International Airport,Salt Lake City International Airport,113.57946206105595
Denver International Airport,Ronald Reagan Washington National Airport,250.60157031471056
Denver International Airport,San Diego International Airport,170.67412937757115
Denver International Airport,Baltimore/Washington International Airport,259.00036905143116
Denver International Airport,Tampa International Airport,261.2770670204261
Denver International Airport,Austin-Bergstrom International Airport,162.33850307623504
Denver International Airport,Washington Dulles International Airport,247.61803633742295
Denver International Airport,Nashville International Airport,192.10701424544823
Denver International Airport,Paris Charles de Gaulle Airport,699.8005437489321
O'Hare International Airport,Hartsfield-Jackson Atlanta International Airport,143.3704581201769
O'Hare International Airport,Dallas/Fort Worth International Airport,166.83129907178375
O'Hare International Airport,Denver International Airport,177.15992699796982
O'Hare International Airport,Los Angeles International Airport,286.18867544767244
O'Hare International Airport,John F. Kennedy International Airport,157.9088202522222
O'Hare International Airport,Harry Reid International Airport,251.66615782144214
O'Hare International Airport,Orlando International Airport,191.87002031813205
O'Hare International Airport,Miami International Airport,216.2490080931618
O'Hare International Airport,Charlotte Douglas International Airport,140.4293655841074
O'Hare International Airport,Seattle-Tacoma International Airport,283.129508581302
O'Hare International Airport,Phoenix Sky Harbor International Airport,242.71925845966666
O'Hare International Airport,Newark Liberty International Airport,155.250343591994
O'Hare International Airport,San Francisco International Airport,298.42769109199185
O'Hare International Airport,George Bush Intercontinental Airport,180.02628912222332
O'Hare International Airport,Logan International Airport,173.82102854199786
O'Hare International Airport,Fort Lauderdale-Hollywood International Airport,214.28580320916947
O'Hare International Airport,Minneapolis-Saint Paul International Airport,100.35457932026489
O'Hare International Airport,LaGuardia Airport,157.0698340326787
O'Hare International Airport,Detroit Metropolitan Airport,88.1494450351917
O'Hare International Airport,Philadelphia International Airport,150.1146021769938
O'Hare International Airport,Salt Lake City International Airport,219.4297749018682
O'Hare International Airport,Ronald Reagan Washington National Airport,141.8555975511842
O'Hare International Airport,San Diego International Airport,283.6810825461061
O'Hare International Airport,Baltimore/Washington International Airport,143.06060932406496
O'Hare International Airport,Tampa International Airport,192.70573378562602
O'Hare International Airport,Austin-Bergstrom International Airport,186.48257823465934
O'Hare International Airport,Washington Dulles International Airport,138.91438779407434
O'Hare International Airport,Nashville International Airport,116.63375581694281
O'Hare International Airport,Paris Charles de Gaulle Airport,603.6261315494372
Los Angeles International Airport,Hartsfield-Jackson Atlanta International Airport,317.1183861455059
Los Angeles International Airport,Dallas/Fort Worth International Airport,220.05843426748748
Los Angeles International Airport,Denver International Airport,173.00989349751012
Los Angeles International Airport,O'Hare International Airport,291.65910237887715
Los Angeles International Airport,John F. Kennedy International Airport,382.9547973869958
Los Angeles International Airport,Harry Reid International Airport,86.12506364639353
Los Angeles International Airport,Orlando International Airport,349.97362939261086
Los Angeles International Airport,Miami International Airport,366.07942157631834
Los Angeles International Airport,Charlotte Douglas International Airport,337.95736163928564
Los Angeles International Airport,Seattle-Tacoma International Airport,181.30155331954955
Los Angeles International Airport,Phoenix Sky Harbor International Airport,109.25207866820872
Los Angeles International Airport,Newark Liberty International Airport,380.24624129170616
Los Angeles International Airport,San Francisco International Airport,98.59716076946252
Los Angeles International Airport,George Bush Intercontinental Airport,236.38497330564485
Los Angeles International Airport,Logan International Airport,400.51090315473374
Los Angeles International Airport,Fort Lauderdale-Hollywood International Airport,366.06269032925775
Los Angeles International Airport,Minneapolis-Saint Paul International Airport,262.8736688728426
Los Angeles International Airport,LaGuardia Airport,382.2419053824927
Los Angeles International Airport,Detroit Metropolitan Airport,319.29362441135737
Los Angeles International Airport,Philadelphia International Airport,373.4893142617616
Los Angeles International Airport,Salt Lake City International Airport,136.8846813521178
Los Angeles International Airport,Ronald Reagan Washington National Airport,361.83994692612185
Los Angeles International Airport,San Diego International Airport,50.05816184739671
Los Angeles International Airport,Baltimore/Washington International Airport,364.1783183530797
Los Angeles International Airport,Tampa International Airport,342.3249203797039
Los Angeles International Airport,Austin-Bergstrom International Airport,219.00334597322495
Los Angeles International Airport,Washington Dulles International Airport,358.8805900353292
Los Angeles International Airport,Nashville International Airport,296.07006344884945
Los Angeles International Airport,Paris Charles de Gaulle Airport,803.5951867998142
John F. Kennedy International Airport,Hartsfield-Jackson Atlanta International Airport,159.2577386566489
John F. Kennedy International Airport,Dallas/Fort Worth International Airport,236.54464034557444
John F. Kennedy International Airport,Denver International Airport,271.3819746801558
John F. Kennedy International Airport,O'Hare International Airport,156.9253025371935
John F. Kennedy International Airport,Los Angeles International Airport,371.9489643902816
John F. Kennedy International Airport,Harry Reid International Airport,344.600645338908
John F. Kennedy International Airport,Orlando International Airport,180.2082635391007
John F. Kennedy International Airport,Miami International Airport,198.12432176802403
John F. Kennedy International Airport,Charlotte Douglas International Airport,130.29149981517855
John F. Kennedy International Airport,Seattle-Tacoma International Airport,365.3847395657058
John F. Kennedy International Airport,Phoenix Sky Harbor International Airport,333.28194664405817
John F. Kennedy International Airport,Newark Liberty International Airport,50.05816184739671
John F. Kennedy International Airport,San Francisco International Airport,385.2266869789804
John F. Kennedy International Airport,George Bush Intercontinental Airport,237.71983658745762
John F. Kennedy International Airport,Logan International Airport,73.38791281295143
John F. Kennedy International Airport,Fort Lauderdale-Hollywood International Airport,195.56738377051846
John F. Kennedy International Airport,Minneapolis-Saint Paul International Airport,189.98610562324245
John F. Kennedy International Airport,LaGuardia Airport,50.05816184739671
John F. Kennedy International Airport,Detroit Metropolitan Airport,126.08496948205953
John F. Kennedy International Airport,Philadelphia International Airport,50.05816184739671
John F. Kennedy International Airport,Salt Lake City International Airport,313.45148947068424
John F. Kennedy International Airport,Ronald Reagan Washington National Airport,83.10775323229187
John F. Kennedy International Airport,San Diego International Airport,368.5645246132039
John F. Kennedy International Airport,Baltimore/Washington International Airport,72.99918197548888
John F. Kennedy International Airport,Tampa International Airport,187.64008540671654
John F. Kennedy International Airport,Austin-Bergstrom International Airport,256.9042512998767
John F. Kennedy International Airport,Washington Dulles International Airport,84.92838555891043
John F. Kennedy International Airport,Nashville International Airport,157.8244364305054
John F. Kennedy International Airport,Paris Charles de Gaulle Airport,533.3350033049126
Harry Reid International Airport,Hartsfield-Jackson Atlanta International Airport,291.5516203872967
Harry Reid International Airport,Dallas/Fort Worth International Airport,197.3181579231482
Harry Reid International Airport,Denver International Airport,143.54429627965754
Harry Reid International Airport,O'Hare International Airport,262.242924876779
Harry Reid International Airport,Los Angeles International Airport,86.0241956500461
Harry Reid International Airport,John F. Kennedy International Airport,353.67564439480833
Harry Reid International Airport,Orlando International Airport,327.08407333426453
Harry Reid International Airport,Miami International Airport,344.5617755907354
Harry Reid International Airport,Charlotte Douglas International Airport,311.13073469772934
Harry Reid International Airport,Seattle-Tacoma International Airport,170.45737456373388
Harry Reid International Airport,Phoenix Sky Harbor International Airport,88.49106673511443
Harry Reid International Airport,Newark Liberty International Airport,350.96787771933634
Harry Reid International Airport,San Francisco International Airport,114.47148610411296
Harry Reid International Airport,George Bush Intercontinental Airport,216.43105992468898
Harry Reid International Airport,Logan International Airport,370.7406720457961
Harry Reid International Airport,Fort Lauderdale-Hollywood International Airport,344.33576304113865
Harry Reid International Airport,Minneapolis-Saint Paul International Airport,226.36709731051758
Harry Reid International Airport,LaGuardia Airport,352.9318661845071
Harry Reid International Airport,Detroit Metropolitan Airport,289.8126753426935
Harry Reid International Airport,Philadelphia International Airport,344.4820952874511
Harry Reid International Airport,Salt Lake City International Airport,108.97635406867568
Harry Reid International Airport,Ronald Reagan Washington National Airport,333.2357608852664
Harry Reid International Airport,San Diego International Airport,88.87978550802113
Harry Reid International Airport,Baltimore/Washington International Airport,335.4482801625944
Harry Reid International Airport,Tampa International Airport,320.02754452499335
Harry Reid International Airport,Austin-Bergstrom International Airport,199.80963296785944
Harry Reid International Airport,Washington Dulles International Airport,330.2618749736862
Harry Reid International Airport,Nashville International Airport,269.24681662902134
Harry Reid International Airport,Paris Charles de Gaulle Airport,772.9604593683516
Orlando International Airport,Hartsfield-Jackson Atlanta International Airport,115.36023269409468
Orlando International Airport,Dallas/Fort Worth International Airport,186.8367417958808
Orlando International Airport,Denver International Airport,262.03106456214806
Orlando International Airport,O'Hare International Airport,190.0393228673703
Orlando International Airport,Los Angeles International Airport,341.1299219191065
Orlando International Airport,John F. Kennedy International Airport,181.8232898392755
Orlando International Airport,Harry Reid International Airport,319.6060400939102
Orlando International Airport,Miami International Airport,74.16518505939992
Orlando International Airport,Charlotte Douglas International Airport,121.81343847007426
Orlando International Airport,Seattle-Tacoma International Airport,381.7122748494279
Orlando International Airport,Phoenix Sky Harbor International Airport,296.5373499069164
Orlando International Airport,Newark Liberty International Airport,180.98396836206382
Orlando International Airport,San Francisco International Airport,368.6269734264341
Orlando International Airport,George Bush Intercontinental Airport,168.7101993140563
Orlando International Airport,Logan International Airport,204.16312680281123
Orlando International Airport,Fort Lauderdale-Hollywood International Airport,72.27854727769738
Orlando International Airport,Minneapolis-Saint Paul International Airport,225.05316186317052
Orlando International Airport,LaGuardia Airport,182.53432761384965
Orlando International Airport,Detroit Metropolitan Airport,181.87938640941547
Orlando International Airport,Philadelphia International Airport,171.36411850114837
Orlando International Airport,Salt Lake City International Airport,306.6729410854452
Orlando International Airport,Ronald Reagan Washington National Airport,158.4587524036776
Orlando International Airport,San Diego International Airport,332.87586524239975
Orlando International Airport,Baltimore/Washington International Airport,162.00493390792423
Orlando International Airport,Tampa International Airport,50.05816184739671
Orlando International Airport,Austin-Bergstrom International Airport,185.88349462747442
Orlando International Airport,Washington Dulles International Airport,158.36580639794454
Orlando International Airport,Nashville International Airport,139.6825696111788
Orlando International Airport,Paris Charles de Gaulle Airport,648.6713902146054
Miami International Airport,Hartsfield-Jackson Atlanta International Airport,139.06609553749468
Miami International Airport,Dallas/Fort Worth International Airport,203.6606910152064
Miami International Airport,Denver International Airport,281.91547066536145
Miami International Airport,O'Hare International Airport,213.65193173093076
Miami International Airport,Los Angeles International Airport,356.20842141076037
Miami International Airport,John F. Kennedy International Airport,200.27564601342942
Miami International Airport,Harry Reid International Airport,336.05097690586337
Miami International Airport,Orlando International Airport,74.09835430704078
Miami International Airport,Charlotte Douglas International Airport,143.97863345488702
Miami International Airport,Seattle-Tacoma International Airport,402.2207083925552
Miami International Airport,Phoenix Sky Harbor International Airport,311.5692139383797
Miami International Airport,Newark Liberty International Airport,199.75444332544552
Miami International Airport,San Francisco International Airport,385.4524446880951
Miami International Airport,George Bush Intercontinental Airport,182.36589566261108
Miami International Airport,Logan International Airport,221.59847288646858
Miami International Airport,Fort Lauderdale-Hollywood International Airport,50.05816184739671
Miami International Airport,Minneapolis-Saint Paul International Airport,248.39720116488763
Miami International Airport,LaGuardia Airport,201.11958879423125
Miami International Airport,Detroit Metropolitan Airport,204.98946799461595
Miami International Airport,Philadelphia International Airport,190.58059288440333
Miami International Airport,Salt Lake City International Airport,325.8369156474184
Miami International Airport,Ronald Reagan Washington National Airport,178.73519720556885
Miami International Airport,San Diego International Airport,347.2725638041622
Miami International Airport,Baltimore/Washington International Airport,182.08853440275197
Miami International Airport,Tampa International Airport,82.09974439645703
Miami International Airport,Austin-Bergstrom International Airport,199.39547907813886
Miami International Airport,Washington Dulles International Airport,179.01293966914562
Miami International Airport,Nashville International Airport,163.17479524477173
Miami International Airport,Paris Charles de Gaulle Airport,659.5397208485704
Charlotte Douglas International Airport,Hartsfield-Jackson Atlanta International Airport,86.77334539671246
Charlotte Douglas International Airport,Dallas/Fort Worth International Airport,180.75487289695135
Charlotte Douglas International Airport,Denver International Airport,229.87997964717965
Charlotte Douglas International Airport,O'Hare International Airport,139.78098656349707
Charlotte Douglas International Airport,Los Angeles International Airport,329.8444365214067
Charlotte Douglas International Airport,John F. Kennedy International Airport,130.82035128478682
Charlotte Douglas International Airport,Harry Reid International Airport,304.53866415145285
Charlotte Douglas International Airport,Orlando International Airport,121.41541249852553
Charlotte Douglas International Airport,Miami International Airport,144.74594064498217
Charlotte Douglas International Airport,Seattle-Tacoma International Airport,348.43749838427937
Charlotte Douglas International Airport,Phoenix Sky Harbor International Airport,287.34123575743604
Charlotte Douglas International Airport,Newark Liberty International Airport,129.2124000836884
Charlotte Douglas International Airport,San Francisco International Airport,350.4574887163699
Charlotte Douglas International Airport,George Bush Intercontinental Airport,175.89919335394097
Charlotte Douglas International Airport,Logan International Airport,154.25200657030948
Charlotte Douglas International Airport,Fort Lauderdale-Hollywood International Airport,142.3890118158289
Charlotte Douglas International Airport,Minneapolis-Saint Paul International Airport,178.14734349408718
Charlotte Douglas International Airport,LaGuardia Airport,131.13124473446808
Charlotte Douglas International Airport,Detroit Metropolitan Airport,125.24906740299062
Charlotte Douglas International Airport,Philadelphia International Airport,119.15823611267996
Charlotte Douglas International Airport,Salt Lake City International Airport,281.75525869353226
Charlotte Douglas International Airport,Ronald Reagan Washington National Airport,97.97110014699287
Charlotte Douglas International Airport,San Diego International Airport,324.10990608124223
Charlotte Douglas International Airport,Baltimore/Washington International Airport,108.20397199948981
Charlotte Douglas International Airport,Tampa International Airport,126.24584560688479
Charlotte Douglas International Airport,Austin-Bergstrom International Airport,190.58448876026875
Charlotte Douglas International Airport,Washington Dulles International Airport,96.8393110871142
Charlotte Douglas International Airport,Nashville International Airport,97.35335220951407
Charlotte Douglas International Airport,Paris Charles de Gaulle Airport,604.3902526165438
Seattle-Tacoma International Airport,Hartsfield-Jackson Atlanta International Airport,347.37135475095454
Seattle-Tacoma International Airport,Dallas/Fort Worth International Airport,280.72007104548146
Seattle-Tacoma International Airport,Denver International Airport,193.4729184553517
Seattle-Tacoma International Airport,O'Hare International Airport,288.4429564085485
Seattle-Tacoma International Airport,Los Angeles International Airport,182.9470762461733
Seattle-Tacoma International Airport,John F. Kennedy International Airport,375.9095411592869
Seattle-Tacoma International Airport,Harry Reid International Airport,171.81318345667125
Seattle-Tacoma International Airport,Orlando International Airport,393.4542150092963
Seattle-Tacoma International Airport,Miami International Airport,415.5896577659224
Seattle-Tacoma International Airport,Charlotte Douglas International Airport,357.77178106838863
Seattle-Tacoma International Airport,Phoenix Sky Harbor International Airport,202.21856704860156
Seattle-Tacoma International Airport,Newark Liberty International Airport,373.31454043144674
Seattle-Tacoma International Airport,San Francisco International Airport,147.31977513840826
Seattle-Tacoma International Airport,George Bush Intercontinental Airport,306.1106106142113
Seattle-Tacoma International Airport,Logan International Airport,385.4404848998549
Seattle-Tacoma International Airport,Fort Lauderdale-Hollywood International Airport,414.5858190823128
Seattle-Tacoma International Airport,Minneapolis-Saint Paul International Airport,238.79222494550245
Seattle-Tacoma International Airport,LaGuardia Airport,374.79681459900917
Seattle-Tacoma International Airport,Detroit Metropolitan Airport,312.5110093087626
Seattle-Tacoma International Airport,Philadelphia International Airport,370.38307115304127
Seattle-Tacoma International Airport,Salt Lake City International Airport,149.2019252343433
Seattle-Tacoma International Airport,Ronald Reagan Washington National Airport,364.0214069090027
Seattle-Tacoma International Airport,San Diego International Airport,195.17085621858217
Seattle-Tacoma International Airport,Baltimore/Washington International Airport,364.8235375296339
Seattle-Tacoma International Airport,Tampa International Airport,389.128103778094
Seattle-Tacoma International Airport,Austin-Bergstrom International Airport,292.9740154697621
Seattle-Tacoma International Airport,Washington Dulles International Airport,361.05739534765075
Seattle-Tacoma International Airport,Nashville International Airport,319.1480414912681
Seattle-Tacoma International Airport,Paris Charles de Gaulle Airport,715.667658350647
Phoenix Sky Harbor International Airport,Hartsfield-Jackson Atlanta International Airport,271.2707861642591
Phoenix Sky Harbor International Airport,Dallas/Fort Worth International Airport,173.67888366370846
Phoenix Sky Harbor International Airport,Denver International Airport,140.36120127968857
Phoenix Sky Harbor International Airport,O'Hare International Airport,246.44718880189208
Phoenix Sky Harbor International Airport,Los Angeles International Airport,109.00568212395888
Phoenix Sky Harbor International Airport,John F. Kennedy International Airport,341.6140207046884
Phoenix Sky Harbor International Airport,Harry Reid International Airport,88.37342026140814
Phoenix Sky Harbor International Airport,Orlando International Airport,302.68226644605164
Phoenix Sky Harbor International Airport,Miami International Airport,318.5675282355142
Phoenix Sky Harbor International Airport,Charlotte Douglas International Airport,292.9921318697264
Phoenix Sky Harbor International Airport,Seattle-Tacoma International Airport,200.00637789216444
Phoenix Sky Harbor International Airport,Newark Liberty International Airport,338.9528420995823
Phoenix Sky Harbor International Airport,San Francisco International Airport,143.7674625304831
Phoenix Sky Harbor International Airport,George Bush Intercontinental Airport,189.5340439836816
Phoenix Sky Harbor International Airport,Logan International Airport,360.4363637316234
Phoenix Sky Harbor International Airport,Fort Lauderdale-Hollywood International Airport,318.5545128634102
Phoenix Sky Harbor International Airport,Minneapolis-Saint Paul International Airport,223.54241535755594
Phoenix Sky Harbor International Airport,LaGuardia Airport,341.0025781838285
Phoenix Sky Harbor International Airport,Detroit Metropolitan Airport,279.984220922749
Phoenix Sky Harbor International Airport,Philadelphia International Airport,331.5963238650758
Phoenix Sky Harbor International Airport,Salt Lake City International Airport,126.63295613451074
Phoenix Sky Harbor International Airport,Ronald Reagan Washington National Airport,319.22588566225113
Phoenix Sky Harbor International Airport,San Diego International Airport,94.45619426032378
Phoenix Sky Harbor International Airport,Baltimore/Washington International Airport,321.79519866586213
Phoenix Sky Harbor International Airport,Tampa International Airport,294.99033939298687
Phoenix Sky Harbor International Airport,Austin-Bergstrom International Airport,172.2963533106993
Phoenix Sky Harbor International Airport,Washington Dulles International Airport,316.34414959202337
Phoenix Sky Harbor International Airport,Nashville International Airport,245.18193808243387
Phoenix Sky Harbor International Airport,Paris Charles de Gaulle Airport,778.2770596718416
Newark Liberty International Airport,Hartsfield-Jackson Atlanta International Airport,157.4824311324549
Newark Liberty International Airport,Dallas/Fort Worth International Airport,234.21926178353195
Newark Liberty International Airport,Denver International Airport,268.81302596338963
Newark Liberty International Airport,O'Hare International Airport,154.32223728649365
Newark Liberty International Airport,Los Angeles International Airport,369.4265695904535
Newark Liberty International Airport,John F. Kennedy International Airport,50.05816184739671
Newark Liberty International Airport,Harry Reid International Airport,342.0623364917578
Newark Liberty International Airport,Orlando International Airport,179.39153547032413
Newark Liberty International Airport,Miami International Airport,197.61930434633248
Newark Liberty International Airport,Charlotte Douglas International Airport,128.70825461998004
Newark Liberty International Airport,Seattle-Tacoma International Airport,362.9643007251704
Newark Liberty International Airport,Phoenix Sky Harbor International Airport,330.78053704884996
Newark Liberty International Airport,San Francisco International Airport,382.6934763786964
Newark Liberty International Airport,George Bush Intercontinental Airport,235.6075612722286
Newark Liberty International Airport,Logan International Airport,81.59840011462907
Newark Liberty International Airport,Fort Lauderdale-Hollywood International Airport,195.06634053213153
Newark Liberty International Airport,Minneapolis-Saint Paul International Airport,187.45896296864197
Newark Liberty International Airport,LaGuardia Airport,50.05816184739671
Newark Liberty International Airport,Detroit Metropolitan Airport,123.4835496568748
Newark Liberty International Airport,Philadelphia International Airport,50.05816184739671
Newark Liberty International Airport,Salt Lake City International Airport,310.8979212904683
Newark Liberty International Airport,Ronald Reagan Washington National Airport,74.85407145442497
Newark Liberty International Airport,San Diego International Airport,366.05672080324564
Newark Liberty International Airport,Baltimore/Washington International Airport,71.14836523048034
Newark Liberty International Airport,Tampa International Airport,186.68804220986294
Newark Liberty International Airport,Austin-Bergstrom International Airport,248.24422685606416
Newark Liberty International Airport,Washington Dulles International Airport,82.97047214511966
Newark Liberty International Airport,Nashville International Airport,155.58345268396488
Newark Liberty International Airport,Paris Charles de Gaulle Airport,535.2363618749317
San Francisco International Airport,Hartsfield-Jackson Atlanta International Airport,341.7921480084959
San Francisco International Airport,Dallas/Fort Worth International Airport,249.22491684011695
San Francisco International Airport,Denver International Airport,186.21637210539473
San Francisco International Airport,O'Hare International Airport,304.54964125994616
San Francisco International Airport,Los Angeles International Airport,98.80292605846066
San Francisco International Airport,John F. Kennedy International Airport,397.2396551870058
San Francisco International Airport,Harry Reid International Airport,114.78018119156472
San Francisco International Airport,Orlando International Airport,379.3879758239898
San Francisco International Airport,Miami International Airport,397.48293291749303
San Francisco International Airport,Charlotte Douglas International Airport,359.9297943973445
San Francisco International Airport,Seattle-Tacoma International Airport,148.1520767921864
San Francisco International Airport,Phoenix Sky Harbor International Airport,144.53075146979978
San Francisco International Airport,Newark Liberty International Airport,394.5107627204723
San Francisco International Airport,George Bush Intercontinental Airport,275.48830590348433
San Francisco International Airport,Logan International Airport,412.4614611125249
San Francisco International Airport,Fort Lauderdale-Hollywood International Airport,397.19039473807504
San Francisco International Airport,Minneapolis-Saint Paul International Airport,269.56111386453136
San Francisco International Airport,LaGuardia Airport,396.3782159892234
San Francisco International Airport,Detroit Metropolitan Airport,332.0253365297897
San Francisco International Airport,Philadelphia International Airport,388.8760198892521
San Francisco International Airport,Salt Lake City International Airport,137.88912440667113
San Francisco International Airport,Ronald Reagan Washington National Airport,378.70328980624606
San Francisco International Airport,San Diego International Airport,118.93580698678079
San Francisco International Airport,Baltimore/Washington International Airport,380.59158463356573
San Francisco International Airport,Tampa International Airport,372.5545385142251
San Francisco International Airport,Austin-Bergstrom International Airport,258.80756755223535
San Francisco International Airport,Washington Dulles International Airport,375.6733407029928
San Francisco International Airport,Nashville International Airport,317.9265360627938
San Francisco International Airport,Paris Charles de Gaulle Airport,791.8474525175853
George Bush Intercontinental Airport,Hartsfield-Jackson Atlanta International Airport,151.26157550905137
George Bush Intercontinental Airport,Dallas/Fort Worth International Airport,86.49736787285467
George Bush Intercontinental Airport,Denver International Airport,171.81056327174954
George Bush Intercontinental Airport,O'Hare International Airport,181.57290426470354
George Bush Intercontinental Airport,Los Angeles International Airport,232.9664418176762
George Bush Intercontinental Airport,John F. Kennedy International Airport,241.33436862223368
George Bush Intercontinental Airport,Harry Reid International Airport,213.74827025534458
George Bush Intercontinental Airport,Orlando International Airport,170.0219852340707
George Bush Intercontinental Airport,Miami International Airport,184.04138563934322
George Bush Intercontinental Airport,Charlotte Douglas International Airport,177.39683570184377
George Bush Intercontinental Airport,Seattle-Tacoma International Airport,299.7860845721355
George Bush Intercontinental Airport,Phoenix Sky Harbor International Airport,187.70411438450105
George Bush Intercontinental Airport,Newark Liberty International Airport,239.1343077756614
George Bush Intercontinental Airport,San Francisco International Airport,270.67853241634447
George Bush Intercontinental Airport,Logan International Airport,270.6969280472676
George Bush Intercontinental Airport,Fort Lauderdale-Hollywood International Airport,184.14315559432373
George Bush Intercontinental Airport,Minneapolis-Saint Paul International Airport,193.14097385739717
George Bush Intercontinental Airport,LaGuardia Airport,241.25149952479748
George Bush Intercontinental Airport,Detroit Metropolitan Airport,198.16389701362357
George Bush Intercontinental Airport,Philadelphia International Airport,229.58346190955515
George Bush Intercontinental Airport,Salt Lake City International Airport,210.70459314812013
George Bush Intercontinental Airport,Ronald Reagan Washington National Airport,214.75470245659312
George Bush Intercontinental Airport,San Diego International Airport,223.7636063046109
George Bush Intercontinental Airport,Baltimore/Washington International Airport,218.2626914478388
George Bush Intercontinental Airport,Tampa International Airport,161.66319139484375
George Bush Intercontinental Airport,Austin-Bergstrom International Airport,50.05816184739671
George Bush Intercontinental Airport,Washington Dulles International Airport,212.55835189214235
George Bush Intercontinental Airport,Nashville International Airport,145.25878116286853
George Bush Intercontinental Airport,Paris Charles de Gaulle Airport,717.5180987846171
Logan International Airport,Hartsfield-Jackson Atlanta International Airport,182.13841784225184
Logan International Airport,Dallas/Fort Worth International Airport,263.78008309800737
Logan International Airport,Denver International Airport,286.9359288883047
Logan International Airport,O'Hare International Airport,172.47267763357578
Logan International Airport,Los Angeles International Airport,388.2613214683088
Logan International Airport,John F. Kennedy International Airport,73.32532998470175
Logan International Airport,Harry Reid International Airport,360.5621786304822
Logan International Airport,Orlando International Airport,201.8891848934229
Logan International Airport,Miami International Airport,218.73354117768184
Logan International Airport,Charlotte Douglas International Airport,153.29677518518642
Logan International Airport,Seattle-Tacoma International Airport,374.26245984118464
Logan International Airport,Phoenix Sky Harbor International Airport,350.9315166241993
Logan International Airport,Newark Liberty International Airport,81.52604767865097
Logan International Airport,San Francisco International Airport,399.32860422909295
Logan International Airport,George Bush Intercontinental Airport,266.10585449323224
Logan International Airport,Fort Lauderdale-Hollywood International Airport,216.17607327077954
Logan International Airport,Minneapolis-Saint Paul International Airport,201.63986626950765
Logan International Airport,LaGuardia Airport,73.0859126612592
Logan International Airport,Detroit Metropolitan Airport,141.3063723275879
Logan International Airport,Philadelphia International Airport,91.39351020622776
Logan International Airport,Salt Lake City International Airport,327.41833316659995
Logan International Airport,Ronald Reagan Washington National Airport,112.61574557330079
Logan International Airport,San Diego International Airport,385.5554712539409
Logan International Airport,Baltimore/Washington International Airport,108.93261961883023
Logan International Airport,Tampa International Airport,209.63266871212875
Logan International Airport,Austin-Bergstrom International Airport,278.384332303543
Logan International Airport,Washington Dulles International Airport,114.27200382531451
Logan International Airport,Nashville International Airport,179.56834452111303
Logan International Airport,Paris Charles de Gaulle Airport,508.9905901104217
Fort Lauderdale-Hollywood International Airport,Hartsfield-Jackson Atlanta International Airport,137.30357257419337
Fort Lauderdale-Hollywood International Airport,Dallas/Fort Worth International Airport,203.3569455678818
Fort Lauderdale-Hollywood International Airport,Denver International Airport,281.1369864028196
Fort Lauderdale-Hollywood International Airport,O'Hare International Airport,211.75530709739593
Fort Lauderdale-Hollywood International Airport,Los Angeles International Airport,356.19278567361914
Fort Lauderdale-Hollywood International Airport,John F. Kennedy International Airport,197.63739940287746
Fort Lauderdale-Hollywood International Airport,Harry Reid International Airport,335.83873275763455
Fort Lauderdale-Hollywood International Airport,Orlando International Airport,72.2217863487449
Fort Lauderdale-Hollywood International Airport,Miami International Airport,50.05816184739671
Fort Lauderdale-Hollywood International Airport,Charlotte Douglas International Airport,141.66514605045595
Fort Lauderdale-Hollywood International Airport,Seattle-Tacoma International Airport,401.29285233290966
Fort Lauderdale-Hollywood International Airport,Phoenix Sky Harbor International Airport,311.55691986265174
Fort Lauderdale-Hollywood International Airport,Newark Liberty International Airport,197.12060979086198
Fort Lauderdale-Hollywood International Airport,San Francisco International Airport,385.1809725990315
Fort Lauderdale-Hollywood International Airport,George Bush Intercontinental Airport,182.4648651500749
Fort Lauderdale-Hollywood International Airport,Logan International Airport,218.9468043916973
Fort Lauderdale-Hollywood International Airport,Minneapolis-Saint Paul International Airport,246.6977386364661
Fort Lauderdale-Hollywood International Airport,LaGuardia Airport,198.48260532694263
Fort Lauderdale-Hollywood International Airport,Detroit Metropolitan Airport,202.788876396746
Fort Lauderdale-Hollywood International Airport,Philadelphia International Airport,187.95906097323552
Fort Lauderdale-Hollywood International Airport,Salt Lake City International Airport,325.18607894901015
Fort Lauderdale-Hollywood International Airport,Ronald Reagan Washington National Airport,176.15089094531402
Fort Lauderdale-Hollywood International Airport,San Diego International Airport,347.3499747944559
Fort Lauderdale-Hollywood International Airport,Baltimore/Washington International Airport,179.4952204344786
Fort Lauderdale-Hollywood International Airport,Tampa International Airport,74.64196403714797
Fort Lauderdale-Hollywood International Airport,Austin-Bergstrom International Airport,199.53377914672097
Fort Lauderdale-Hollywood International Airport,Washington Dulles International Airport,176.44326843164967
Fort Lauderdale-Hollywood International Airport,Nashville International Airport,161.50231698218855
Fort Lauderdale-Hollywood International Airport,Paris Charles de Gaulle Airport,656.9790633513435
Minneapolis-Saint Paul International Airport,Hartsfield-Jackson Atlanta International Airport,178.894249756404
Minneapolis-Saint Paul International Airport,Dallas/Fort Worth International Airport,170.8277059953833
Minneapolis-Saint Paul International Airport,Denver International Airport,149.38429107770435
Minneapolis-Saint Paul International Airport,O'Hare International Airport,100.55496050960086
Minneapolis-Saint Paul International Airport,Los Angeles International Airport,258.6289843112387
Minneapolis-Saint Paul International Airport,John F. Kennedy International Airport,191.88416368752755
Minneapolis-Saint Paul International Airport,Harry Reid International Airport,223.32887091832535
Minneapolis-Saint Paul International Airport,Orlando International Airport,228.15775132905577
Minneapolis-Saint Paul International Airport,Miami International Airport,258.93118277911054
Minneapolis-Saint Paul International Airport,Charlotte Douglas International Airport,179.70566797147512
Minneapolis-Saint Paul International Airport,Seattle-Tacoma International Airport,235.279033004959
Minneapolis-Saint Paul International Airport,Phoenix Sky Harbor International Airport,220.60744282617824
Minneapolis-Saint Paul International Airport,Newark Liberty International Airport,189.28164877373865
Minneapolis-Saint Paul International Airport,San Francisco International Airport,265.0211546004752
Minneapolis-Saint Paul International Airport,George Bush Intercontinental Airport,191.20597822116508
Minneapolis-Saint Paul International Airport,Logan International Airport,203.90558133191192
Minneapolis-Saint Paul International Airport,Fort Lauderdale-Hollywood International Airport,257.1565153075384
Minneapolis-Saint Paul International Airport,LaGuardia Airport,190.85956908701417
Minneapolis-Saint Paul International Airport,Detroit Metropolitan Airport,128.9900054446568
Minneapolis-Saint Paul International Airport,Philadelphia International Airport,185.84715037321791
Minneapolis-Saint Paul International Airport,Salt Lake City International Airport,185.59492095798376
Minneapolis-Saint Paul International Airport,Ronald Reagan Washington National Airport,179.60990499385315
Minneapolis-Saint Paul International Airport,San Diego International Airport,258.34968354558623
Minneapolis-Saint Paul International Airport,Baltimore/Washington International Airport,180.2989181377299
Minneapolis-Saint Paul International Airport,Tampa International Airport,227.6796903679412
Minneapolis-Saint Paul International Airport,Austin-Bergstrom International Airport,192.1881519052374
Minneapolis-Saint Paul International Airport,Washington Dulles International Airport,176.73055129812803
Minneapolis-Saint Paul International Airport,Nashville International Airport,150.19579694420875
Minneapolis-Saint Paul International Airport,Paris Charles de Gaulle Airport,610.3149528368682
LaGuardia Airport,Hartsfield-Jackson Atlanta International Airport,159.4417932905726
LaGuardia Airport,Dallas/Fort Worth International Airport,236.26136125641992
LaGuardia Airport,Denver International Airport,270.63015790516846
LaGuardia Airport,O'Hare International Airport,156.10397523467347
LaGuardia Airport,Los Angeles International Airport,371.28521870713945
LaGuardia Airport,John F. Kennedy International Airport,50.05816184739671
LaGuardia Airport,Harry Reid International Airport,343.90356846712996
LaGuardia Airport,Orlando International Airport,180.90003830012097
LaGuardia Airport,Miami International Airport,198.94192944429636
LaGuardia Airport,Charlotte Douglas International Airport,130.59754877323257
LaGuardia Airport,Seattle-Tacoma International Airport,364.34703723906216
LaGuardia Airport,Phoenix Sky Harbor International Airport,332.70734599850266
LaGuardia Airport,Newark Liberty International Airport,50.05816184739671
LaGuardia Airport,San Francisco International Airport,384.4271867012022
LaGuardia Airport,George Bush Intercontinental Airport,237.64029325021633
LaGuardia Airport,Logan International Airport,73.14720820667024
LaGuardia Airport,Fort Lauderdale-Hollywood International Airport,196.38670902942954
LaGuardia Airport,Minneapolis-Saint Paul International Airport,188.99136423323552
LaGuardia Airport,Detroit Metropolitan Airport,125.20149749843961
LaGuardia Airport,Philadelphia International Airport,50.05816184739671
LaGuardia Airport,Salt Lake City International Airport,312.6219131192982
LaGuardia Airport,Ronald Reagan Washington National Airport,83.27789760541776
LaGuardia Airport,San Diego International Airport,367.9497347153631
LaGuardia Airport,Baltimore/Washington International Airport,73.13076958585167
LaGuardia Airport,Tampa International Airport,188.27109231211773
LaGuardia Airport,Austin-Bergstrom International Airport,256.7426435139522
LaGuardia Airport,Washington Dulles International Airport,84.9889103535508
LaGuardia Airport,Nashville International Airport,157.64645492555678
LaGuardia Airport,Paris Charles de Gaulle Airport,533.1420146720224
Detroit Metropolitan Airport,Hartsfield-Jackson Atlanta International Airport,138.99318139517698
Detroit Metropolitan Airport,Dallas/Fort Worth International Airport,187.16218898317396
Detroit Metropolitan Airport,Denver International Airport,203.61493893045244
Detroit Metropolitan Airport,O'Hare International Airport,88.05051045718997
Detroit Metropolitan Airport,Los Angeles International Airport,312.2550134849753
Detroit Metropolitan Airport,John F. Kennedy International Airport,126.54948989250639
Detroit Metropolitan Airport,Harry Reid International Airport,284.3194746543962
Detroit Metropolitan Airport,Orlando International Airport,183.54114446828538
Detroit Metropolitan Airport,Miami International Airport,207.3669773538855
Detroit Metropolitan Airport,Charlotte Douglas International Airport,125.70130458055382
Detroit Metropolitan Airport,Seattle-Tacoma International Airport,305.8444327304706
Detroit Metropolitan Airport,Phoenix Sky Harbor International Airport,274.96471531913863
Detroit Metropolitan Airport,Newark Liberty International Airport,123.91038803954127
Detroit Metropolitan Airport,San Francisco International Airport,324.261895473182
Detroit Metropolitan Airport,George Bush Intercontinental Airport,196.07777833208118
Detroit Metropolitan Airport,Logan International Airport,142.02361564893056
Detroit Metropolitan Airport,Fort Lauderdale-Hollywood International Airport,205.09263174906823
Detroit Metropolitan Airport,Minneapolis-Saint Paul International Airport,128.489230882739
Detroit Metropolitan Airport,LaGuardia Airport,125.65304064181367
Detroit Metropolitan Airport,Philadelphia International Airport,119.6287313467161
Detroit Metropolitan Airport,Salt Lake City International Airport,245.38915901905474
Detroit Metropolitan Airport,Ronald Reagan Washington National Airport,113.65351901040259
Detroit Metropolitan Airport,San Diego International Airport,309.6193598451098
Detroit Metropolitan Airport,Baltimore/Washington International Airport,114.07914056739672
Detroit Metropolitan Airport,Tampa International Airport,186.7238234189268
Detroit Metropolitan Airport,Austin-Bergstrom International Airport,205.08611729944528
Detroit Metropolitan Airport,Washington Dulles International Airport,110.8818898182573
Detroit Metropolitan Airport,Nashville International Airport,119.82297088938397
Detroit Metropolitan Airport,Paris Charles de Gaulle Airport,576.2730373210395
Philadelphia International Airport,Hartsfield-Jackson Atlanta International Airport,147.6892069220455
Philadelphia International Airport,Dallas/Fort Worth International Airport,225.73505991735055
Philadelphia International Airport,Denver International Airport,263.0914759909892
Philadelphia International Airport,O'Hare International Airport,149.28903620346665
Philadelphia International Airport,Los Angeles International Airport,363.12736208655963
Philadelphia International Airport,John F. Kennedy International Airport,50.05816184739671
Philadelphia International Airport,Harry Reid International Airport,335.9761518601578
Philadelphia International Airport,Orlando International Airport,170.01941385230498
Philadelphia International Airport,Miami International Airport,188.72047605721025
Philadelphia International Airport,Charlotte Douglas International Airport,118.79525793425623
Philadelphia International Airport,Seattle-Tacoma International Airport,360.2283294300187
Philadelphia International Airport,Phoenix Sky Harbor International Airport,323.85786833916586
Philadelphia International Airport,Newark Liberty International Airport,50.05816184739671
Philadelphia International Airport,San Francisco International Airport,377.45788059278664
Philadelphia International Airport,George Bush Intercontinental Airport,226.42553142281056
Philadelphia International Airport,Logan International Airport,91.53462977984495
Philadelphia International Airport,Fort Lauderdale-Hollywood International Airport,186.17410216581368
Philadelphia International Airport,Minneapolis-Saint Paul International Airport,184.12162752024938
Philadelphia International Airport,LaGuardia Airport,50.05816184739671
Philadelphia International Airport,Detroit Metropolitan Airport,119.25965975149707
Philadelphia International Airport,Salt Lake City International Airport,305.8582700633187
Philadelphia International Airport,Ronald Reagan Washington National Airport,50.05816184739671
Philadelphia International Airport,San Diego International Airport,359.4228974955926
Philadelphia International Airport,Baltimore/Washington International Airport,50.05816184739671
Philadelphia International Airport,Tampa International Airport,177.15849888527157
Philadelphia International Airport,Austin-Bergstrom International Airport,239.3244235144456
Philadelphia International Airport,Washington Dulles International Airport,50.05816184739671
Philadelphia International Airport,Nashville International Airport,146.6488455938101
Philadelphia International Airport,Paris Charles de Gaulle Airport,545.6438626435303
Salt Lake City International Airport,Hartsfield-Jackson Atlanta International Airport,271.693544192543
Salt Lake City International Airport,Dallas/Fort Worth International Airport,189.11452456119912
Salt Lake City International Airport,Denver International Airport,113.85431548412883
Salt Lake City International Airport,O'Hare International Airport,222.23510672631312
Salt Lake City International Airport,Los Angeles International Airport,136.25737965355194
Salt Lake City International Airport,John F. Kennedy International Airport,320.5606888237146
Salt Lake City International Airport,Harry Reid International Airport,108.73288211107698
Salt Lake City International Airport,Orlando International Airport,313.3870149786859
Salt Lake City International Airport,Miami International Airport,333.69815433688217
Salt Lake City International Airport,Charlotte Douglas International Airport,287.11643678336196
Salt Lake City International Airport,Seattle-Tacoma International Airport,148.34906341834022
Salt Lake City International Airport,Phoenix Sky Harbor International Airport,126.16721815430543
Salt Lake City International Airport,Newark Liberty International Airport,317.85690667822956
Salt Lake City International Airport,San Francisco International Airport,137.2447124778222
Salt Lake City International Airport,George Bush Intercontinental Airport,213.2791714977526
Salt Lake City International Airport,Logan International Airport,335.3784018984816
Salt Lake City International Airport,Fort Lauderdale-Hollywood International Airport,333.0068287565846
Salt Lake City International Airport,Minneapolis-Saint Paul International Airport,187.3630043185268
Salt Lake City International Airport,LaGuardia Airport,319.682131458595
Salt Lake City International Airport,Detroit Metropolitan Airport,249.33169650970402
Salt Lake City International Airport,Philadelphia International Airport,312.52563849399746
Salt Lake City International Airport,Ronald Reagan Washington National Airport,302.91851655099424
Salt Lake City International Airport,San Diego International Airport,140.84539080354202
Salt Lake City International Airport,Baltimore/Washington International Airport,304.63287822192524
Salt Lake City International Airport,Tampa International Airport,307.8731192154853
Salt Lake City International Airport,Austin-Bergstrom International Airport,199.49817523621047
Salt Lake City International Airport,Washington Dulles International Airport,299.9048809163661
Salt Lake City International Airport,Nashville International Airport,239.57754620807506
Salt Lake City International Airport,Paris Charles de Gaulle Airport,724.3741208728595
Ronald Reagan Washington National Airport,Hartsfield-Jackson Atlanta International Airport,132.97029979885477
Ronald Reagan Washington National Airport,Dallas/Fort Worth International Airport,212.19145800785762
Ronald Reagan Washington National Airport,Denver International Airport,246.68955699639298
Ronald Reagan Washington National Airport,O'Hare International Airport,141.18245674304265
Ronald Reagan Washington National Airport,Los Angeles International Airport,352.2446531744726
Ronald Reagan Washington National Airport,John F. Kennedy International Airport,83.18959227789325
Ronald Reagan Washington National Airport,Harry Reid International Airport,325.4016144422893
Ronald Reagan Washington National Airport,Orlando International Airport,157.41386639197015
Ronald Reagan Washington National Airport,Miami International Airport,177.202524107363
Ronald Reagan Washington National Airport,Charlotte Douglas International Airport,97.77334623699997
Ronald Reagan Washington National Airport,Seattle-Tacoma International Airport,354.2847177926462
Ronald Reagan Washington National Airport,Phoenix Sky Harbor International Airport,312.1910388338159
Ronald Reagan Washington National Airport,Newark Liberty International Airport,74.9251902371018
Ronald Reagan Washington National Airport,San Francisco International Airport,367.98898069145116
Ronald Reagan Washington National Airport,George Bush Intercontinental Airport,212.1297384100436
Ronald Reagan Washington National Airport,Logan International Airport,112.9024981730429
Ronald Reagan Washington National Airport,Fort Lauderdale-Hollywood International Airport,174.68550109304368
Ronald Reagan Washington National Airport,Minneapolis-Saint Paul International Airport,178.0541210543379
Ronald Reagan Washington National Airport,LaGuardia Airport,83.36079203792092
Ronald Reagan Washington National Airport,Detroit Metropolitan Airport,113.35808652397219
Ronald Reagan Washington National Airport,Philadelphia International Airport,50.05816184739671
Ronald Reagan Washington National Airport,Salt Lake City International Airport,296.76130380853704
Ronald Reagan Washington National Airport,San Diego International Airport,348.1046808396549
Ronald Reagan Washington National Airport,Baltimore/Washington International Airport,50.05816184739671
Ronald Reagan Washington National Airport,Tampa International Airport,164.0719595031072
Ronald Reagan Washington National Airport,Austin-Bergstrom International Airport,225.28793647752812
Ronald Reagan Washington National Airport,Washington Dulles International Airport,50.05816184739671
Ronald Reagan Washington National Airport,Nashville International Airport,132.68072173463895
Ronald Reagan Washington National Airport,Paris Charles de Gaulle Airport,561.3066449143734
San Diego International Airport,Hartsfield-Jackson Atlanta International Airport,310.1684899925361
San Diego International Airport,Dallas/Fort Worth International Airport,212.01947844361788
San Diego International Airport,Denver International Airport,171.98501420600715
San Diego International Airport,O'Hare International Airport,289.0226608392877
San Diego International Airport,Los Angeles International Airport,50.05816184739671
San Diego International Airport,John F. Kennedy International Airport,379.3209518731135
San Diego International Airport,Harry Reid International Airport,89.00121817068539
San Diego International Airport,Orlando International Airport,341.1818937054886
San Diego International Airport,Miami International Airport,356.5277243547285
San Diego International Airport,Charlotte Douglas International Airport,331.8639430571557
San Diego International Airport,Seattle-Tacoma International Airport,193.17546200471816
San Diego International Airport,Phoenix Sky Harbor International Airport,94.62330666116456
San Diego International Airport,Newark Liberty International Airport,376.63025392798147
San Diego International Airport,San Francisco International Airport,118.5756919596399
San Diego International Airport,George Bush Intercontinental Airport,226.81849553842108
San Diego International Airport,Logan International Airport,397.5939593102374
San Diego International Airport,Fort Lauderdale-Hollywood International Airport,356.6103822848409
San Diego International Airport,Minneapolis-Saint Paul International Airport,262.5816978155792
San Diego International Airport,LaGuardia Airport,378.6611749394807
San Diego International Airport,Detroit Metropolitan Airport,316.50375383006553
San Diego International Airport,Philadelphia International Airport,369.5204550460613
San Diego International Airport,Salt Lake City International Airport,141.55417015386786
San Diego International Airport,Ronald Reagan Washington National Airport,357.41632308897823
San Diego International Airport,Baltimore/Washington International Airport,359.8987318243271
San Diego International Airport,Tampa International Airport,333.2608638675957
San Diego International Airport,Austin-Bergstrom International Airport,209.26455515907827
San Diego International Airport,Washington Dulles International Airport,354.4941444177658
San Diego International Airport,Nashville International Airport,290.2362078837597
San Diego International Airport,Paris Charles de Gaulle Airport,807.4878818401629
Baltimore/Washington International Airport,Hartsfield-Jackson Atlanta International Airport,136.6451905690842
Baltimore/Washington International Airport,Dallas/Fort Worth International Airport,215.24598504056786
Baltimore/Washington International Airport,Denver International Airport,248.54817656001757
Baltimore/Washington International Airport,O'Hare International Airport,142.36618906600893
Baltimore/Washington International Airport,Los Angeles International Airport,354.4314201587814
Baltimore/Washington International Airport,John F. Kennedy International Airport,73.06001450275478
Baltimore/Washington International Airport,Harry Reid International Airport,327.48408830255096
Baltimore/Washington International Airport,Orlando International Airport,160.88138326187791
Baltimore/Washington International Airport,Miami International Airport,180.46633542788186
Baltimore/Washington International Airport,Charlotte Douglas International Airport,107.9686001511644
Baltimore/Washington International Airport,Seattle-Tacoma International Airport,355.03460526105533
Baltimore/Washington International Airport,Phoenix Sky Harbor International Airport,314.6168952753942
Baltimore/Washington International Airport,Newark Liberty International Airport,71.19973649012026
Baltimore/Washington International Airport,San Francisco International Airport,369.74826249589114
Baltimore/Washington International Airport,George Bush Intercontinental Airport,215.5160124038681
Baltimore/Washington International Airport,Logan International Airport,109.17823116622733
Baltimore/Washington International Airport,Fort Lauderdale-Hollywood International Airport,177.94247632052142
Baltimore/Washington International Airport,Minneapolis-Saint Paul International Airport,178.72480949245482
Baltimore/Washington International Airport,LaGuardia Airport,73.19230529383263
Baltimore/Washington International Airport,Detroit Metropolitan Airport,113.77873186318335
Baltimore/Washington International Airport,Philadelphia International Airport,50.05816184739671
Baltimore/Washington International Airport,Salt Lake City International Airport,298.3860788876
Baltimore/Washington International Airport,Ronald Reagan Washington National Airport,50.05816184739671
Baltimore/Washington International Airport,San Diego International Airport,350.428419809525
Baltimore/Washington International Airport,Tampa International Airport,167.62588114440098
Baltimore/Washington International Airport,Austin-Bergstrom International Airport,228.555286073752
Baltimore/Washington International Airport,Washington Dulles International Airport,50.05816184739671
Baltimore/Washington International Airport,Nashville International Airport,135.8672272950228
Baltimore/Washington International Airport,Paris Charles de Gaulle Airport,557.404714351145
Tampa International Airport,Hartsfield-Jackson Atlanta International Airport,115.6457431710114
Tampa International Airport,Dallas/Fort Worth International Airport,179.98953020334915
Tampa International Airport,Denver International Airport,250.72834807765634
Tampa International Airport,O'Hare International Airport,190.85094517287638
Tampa International Airport,Los Angeles International Airport,333.9499122228184
Tampa International Airport,John F. Kennedy International Airport,189.46812165544122
Tampa International Airport,Harry Reid International Airport,312.94808847645567
Tampa International Airport,Orlando International Airport,50.05816184739671
Tampa International Airport,Miami International Airport,82.1754699766598
Tampa International Airport,Charlotte Douglas International Airport,126.71274905102246
Tampa International Airport,Seattle-Tacoma International Airport,377.69224904458605
Tampa International Airport,Phoenix Sky Harbor International Airport,289.23922251256045
Tampa International Airport,Newark Liberty International Airport,188.48804365157878
Tampa International Airport,San Francisco International Airport,362.2551558921814
Tampa International Airport,George Bush Intercontinental Airport,160.54734448971675
Tampa International Airport,Logan International Airport,212.16967676752432
Tampa International Airport,Fort Lauderdale-Hollywood International Airport,74.71186579984561
Tampa International Airport,Minneapolis-Saint Paul International Airport,224.59288707630654
Tampa International Airport,LaGuardia Airport,190.11783096439507
Tampa International Airport,Detroit Metropolitan Airport,184.97374862260068
Tampa International Airport,Philadelphia International Airport,178.68998198138132
Tampa International Airport,Salt Lake City International Airport,301.45527590011733
Tampa International Airport,Ronald Reagan Washington National Airport,165.27044394087312
Tampa International Airport,San Diego International Airport,325.4252477728938
Tampa International Airport,Baltimore/Washington International Airport,168.9107157640644
Tampa International Airport,Austin-Bergstrom International Airport,177.75027583930967
Tampa International Airport,Washington Dulles International Airport,164.94819130178428
Tampa International Airport,Nashville International Airport,139.14757375039605
Tampa International Airport,Paris Charles de Gaulle Airport,658.6084528634951
Austin-Bergstrom International Airport,Hartsfield-Jackson Atlanta International Airport,166.8085008340433
Austin-Bergstrom International Airport,Dallas/Fort Worth International Airport,75.86037367883101
Austin-Bergstrom International Airport,Denver International Airport,161.2522703139166
Austin-Bergstrom International Airport,O'Hare International Airport,188.2095856848393
Austin-Bergstrom International Airport,Los Angeles International Airport,216.2306223521889
Austin-Bergstrom International Airport,John F. Kennedy International Airport,261.07100392761504
Austin-Bergstrom International Airport,Harry Reid International Airport,197.67278299492932
Austin-Bergstrom International Airport,Orlando International Airport,187.6599759165186
Austin-Bergstrom International Airport,Miami International Airport,201.5878174465584
Austin-Bergstrom International Airport,Charlotte Douglas International Airport,192.50062062994448
Austin-Bergstrom International Airport,Seattle-Tacoma International Airport,287.32402406258404
Austin-Bergstrom International Airport,Phoenix Sky Harbor International Airport,170.92854648704844
Austin-Bergstrom International Airport,Newark Liberty International Airport,258.77140969884715
Austin-Bergstrom International Airport,San Francisco International Airport,248.27884658253475
Austin-Bergstrom International Airport,George Bush Intercontinental Airport,50.05816184739671
Austin-Bergstrom International Airport,Logan International Airport,283.5744576833811
Austin-Bergstrom International Airport,Fort Lauderdale-Hollywood International Airport,201.73060353083468
Austin-Bergstrom International Airport,Minneapolis-Saint Paul International Airport,194.15315026676302
Austin-Bergstrom International Airport,LaGuardia Airport,260.9021317350223
Austin-Bergstrom International Airport,Detroit Metropolitan Airport,207.4668930021112
Austin-Bergstrom International Airport,Philadelphia International Airport,243.00637819275863
Austin-Bergstrom International Airport,Salt Lake City International Airport,197.3709722615621
Austin-Bergstrom International Airport,Ronald Reagan Washington National Airport,228.40161828369418
Austin-Bergstrom International Airport,San Diego International Airport,206.82463533053678
Austin-Bergstrom International Airport,Baltimore/Washington International Airport,231.79691293165385
Austin-Bergstrom International Airport,Tampa International Airport,179.2977938410413
Austin-Bergstrom International Airport,Washington Dulles International Airport,226.0594526466487
Austin-Bergstrom International Airport,Nashville International Airport,157.76623024130603
Austin-Bergstrom International Airport,Paris Charles de Gaulle Airport,728.7218766624763
Washington Dulles International Airport,Hartsfield-Jackson Atlanta International Airport,131.39879058888093
Washington Dulles International Airport,Dallas/Fort Worth International Airport,209.73613581317508
Washington Dulles International Airport,Denver International Airport,243.82954731936772
Washington Dulles International Airport,O'Hare International Airport,138.29180740317497
Washington Dulles International Airport,Los Angeles International Airport,349.4755122250582
Washington Dulles International Airport,John F. Kennedy International Airport,85.02186987296625
Washington Dulles International Airport,Harry Reid International Airport,322.6008872380905
Washington Dulles International Airport,Orlando International Airport,157.32294422595794
Washington Dulles International Airport,Miami International Airport,177.47294676912685
Washington Dulles International Airport,Charlotte Douglas International Airport,96.65220325074654
Washington Dulles International Airport,Seattle-Tacoma International Airport,351.5125802036835
Washington Dulles International Airport,Phoenix Sky Harbor International Airport,309.46852788435064
Washington Dulles International Airport,Newark Liberty International Airport,83.0514645950268
Washington Dulles International Airport,San Francisco International Airport,365.1644863167279
Washington Dulles International Airport,George Bush Intercontinental Airport,210.00821320849445
Washington Dulles International Airport,Logan International Airport,114.57830117776294
Washington Dulles International Airport,Fort Lauderdale-Hollywood International Airport,174.97034122215024
Washington Dulles International Airport,Minneapolis-Saint Paul International Airport,175.25019947961218
Washington Dulles International Airport,LaGuardia Airport,85.08279514411743
Washington Dulles International Airport,Detroit Metropolitan Airport,110.61785133619628
Washington Dulles International Airport,Philadelphia International Airport,50.05816184739671
Washington Dulles International Airport,Salt Lake City International Airport,293.90362222265475
Washington Dulles International Airport,Ronald Reagan Washington National Airport,50.05816184739671
Washington Dulles International Airport,San Diego International Airport,345.3676174400176
Washington Dulles International Airport,Baltimore/Washington International Airport,50.05816184739671
Washington Dulles International Airport,Tampa International Airport,163.75720792875364
Washington Dulles International Airport,Austin-Bergstrom International Airport,223.03255696940187
Washington Dulles International Airport,Nashville International Airport,130.2852192426544
Washington Dulles International Airport,Paris Charles de Gaulle Airport,563.0484589303601
Nashville International Airport,Hartsfield-Jackson Atlanta International Airport,85.32229484383635
Nashville International Airport,Dallas/Fort Worth International Airport,143.33036762546615
Nashville International Airport,Denver International Airport,190.26058772901172
Nashville International Airport,O'Hare International Airport,116.3304596262026
Nashville International Airport,Los Angeles International Airport,290.26443531331745
Nashville International Airport,John F. Kennedy International Airport,158.8784860403637
Nashville International Airport,Harry Reid International Airport,264.720952063274
Nashville International Airport,Orlando International Airport,140.3702238829144
Nashville International Airport,Miami International Airport,164.35196156726604
Nashville International Airport,Charlotte Douglas International Airport,97.54708330113726
Nashville International Airport,Seattle-Tacoma International Airport,312.1175190888325
Nashville International Airport,Phoenix Sky Harbor International Airport,241.411341818154
Nashville International Airport,Newark Liberty International Airport,156.58797738838993
Nashville International Airport,San Francisco International Airport,310.9637018419127
Nashville International Airport,George Bush Intercontinental Airport,144.48185551828738
Nashville International Airport,Logan International Airport,181.16565485409984
Nashville International Airport,Fort Lauderdale-Hollywood International Airport,162.64025909663485
Nashville International Airport,Minneapolis-Saint Paul International Airport,149.3232423625836
Nashville International Airport,LaGuardia Airport,158.6965271619228
Nashville International Airport,Detroit Metropolitan Airport,120.1995022192627
Nashville International Airport,Philadelphia International Airport,147.46788172878843
Nashville International Airport,Salt Lake City International Airport,236.03319894679657
Nashville International Airport,Ronald Reagan Washington National Airport,133.2479841726067
Nashville International Airport,San Diego International Airport,284.72212638604134
Nashville International Airport,Baltimore/Washington International Airport,136.48783175511863
Nashville International Airport,Tampa International Airport,139.82561701055616
Nashville International Airport,Austin-Bergstrom International Airport,156.7363768181141
Nashville International Airport,Washington Dulles International Airport,130.81397152931743
Nashville International Airport,Paris Charles de Gaulle Airport,630.4527754897206
Paris Charles de Gaulle Airport,Hartsfield-Jackson Atlanta International Airport,600.8606851267125
Paris Charles de Gaulle Airport,Dallas/Fort Worth International Airport,665.0730936658615
Paris Charles de Gaulle Airport,Denver International Airport,657.0497519895807
Paris Charles de Gaulle Airport,O'Hare International Airport,572.6838673455738
Paris Charles de Gaulle Airport,Los Angeles International Airport,745.8729855566543
Paris Charles de Gaulle Airport,John F. Kennedy International Airport,509.6263059159721
Paris Charles de Gaulle Airport,Harry Reid International Airport,719.7874453734019
Paris Charles de Gaulle Airport,Orlando International Airport,612.1568977609303
Paris Charles de Gaulle Airport,Miami International Airport,621.6853360217859
Paris Charles de Gaulle Airport,Charlotte Douglas International Airport,573.0995392352147
Paris Charles de Gaulle Airport,Seattle-Tacoma International Airport,670.535241626499
Paris Charles de Gaulle Airport,Phoenix Sky Harbor International Airport,724.3269497769753
Paris Charles de Gaulle Airport,Newark Liberty International Airport,511.3377697071233
Paris Charles de Gaulle Airport,San Francisco International Airport,735.8901868505222
Paris Charles de Gaulle Airport,George Bush Intercontinental Airport,672.135585315996
Paris Charles de Gaulle Airport,Logan International Airport,487.649485537925
Paris Charles de Gaulle Airport,Fort Lauderdale-Hollywood International Airport,619.4424062714028
Paris Charles de Gaulle Airport,Minneapolis-Saint Paul International Airport,578.3473260862561
Paris Charles de Gaulle Airport,LaGuardia Airport,509.45255144394986
Paris Charles de Gaulle Airport,Detroit Metropolitan Airport,548.1013747542155
Paris Charles de Gaulle Airport,Philadelphia International Airport,520.6931050551607
Paris Charles de Gaulle Airport,Salt Lake City International Airport,678.0593682048134
Paris Charles de Gaulle Airport,Ronald Reagan Washington National Airport,534.7319554247911
Paris Charles de Gaulle Airport,San Diego International Airport,749.1752716177505
Paris Charles de Gaulle Airport,Baltimore/Washington International Airport,531.2391187841705
Paris Charles de Gaulle Airport,Tampa International Airport,620.8697655853802
Paris Charles de Gaulle Airport,Austin-Bergstrom International Airport,681.8113697530564
Paris Charles de Gaulle Airport,Washington Dulles International Airport,536.2901803586215
Paris Charles de Gaulle Airport,Nashville International Airport,596.1334082382762
